understat_id,season,player_name,reason
7895,2026-2027,Vladislav Torop,understat match 31948 PSG-Rennes home roster is another club's lineup
3720,2026-2027,Milan Gajic,understat match 31948 PSG-Rennes home roster is another club's lineup
13786,2026-2027,Kirill Danilov,understat match 31948 PSG-Rennes home roster is another club's lineup
11345,2026-2027,João Victor,understat match 31948 PSG-Rennes home roster is another club's lineup
14495,2026-2027,Matheus Reis,understat match 31948 PSG-Rennes home roster is another club's lineup
11456,2026-2027,Matvey Kislyak,understat match 31948 PSG-Rennes home roster is another club's lineup
6800,2026-2027,Daniil Krugovoy,understat match 31948 PSG-Rennes home roster is another club's lineup
2721,2026-2027,Dimitri Barinov,understat match 31948 PSG-Rennes home roster is another club's lineup
5442,2026-2027,Ivan Oblyakov,understat match 31948 PSG-Rennes home roster is another club's lineup
11455,2026-2027,Kirill Glebov,understat match 31948 PSG-Rennes home roster is another club's lineup
13023,2026-2027,Luciano Gondou,understat match 31948 PSG-Rennes home roster is another club's lineup
11433,2026-2027,Danila Kozlov,understat match 31948 PSG-Rennes home roster is another club's lineup
14497,2026-2027,Imran Firov,understat match 31948 PSG-Rennes home roster is another club's lineup
11673,2026-2027,Tamerlan Musaev,understat match 31948 PSG-Rennes home roster is another club's lineup
13673,2026-2027,Matheus Alves,understat match 31948 PSG-Rennes home roster is another club's lineup
12462,2026-2027,Matija Popovic,understat match 31948 PSG-Rennes home roster is another club's lineup
